DateTime,Subscribers,Videos,Views
2021-03-25 22:06:46Z, 0, 0, 0
2021-03-25 22:07:14Z, 0, 0, 0
2021-03-25 22:07:17Z, 0, 0, 0
2021-03-25 22:19:12Z, 0, 0, 0
2021-03-25 22:19:18Z, 0, 0, 0
2021-03-25 22:19:23Z, 0, 0, 0
2021-03-25 22:19:28Z, 0, 0, 0
2021-03-25 22:19:33Z, 0, 0, 0
2021-03-25 22:19:38Z, 0, 0, 0
2021-03-25 22:19:44Z, 0, 0, 0
2021-03-25 22:19:49Z, 0, 0, 0
2021-03-25 22:19:54Z, 0, 0, 0
2021-03-25 22:19:59Z, 0, 0, 0
2021-03-25 22:20:04Z, 0, 0, 0
2021-03-25 22:20:09Z, 0, 0, 0
2021-03-25 22:20:14Z, 0, 0, 0
2021-03-25 22:20:19Z, 0, 0, 0
2021-03-25 22:20:24Z, 0, 0, 0
2021-03-25 22:20:29Z, 0, 0, 0
2021-03-25 22:20:35Z, 0, 0, 0
2021-03-25 22:20:40Z, 0, 0, 0
2021-03-25 22:20:45Z, 0, 0, 0
2021-03-25 22:20:50Z, 0, 0, 0
2021-03-25 22:20:55Z, 0, 0, 0
2021-03-28 19:54:13Z, 0, 0, 0
2021-03-28 19:54:19Z, 0, 0, 0
2021-03-28 19:54:24Z, 0, 0, 0
2021-03-28 19:54:29Z, 0, 0, 0
2021-03-28 19:54:34Z, 0, 0, 0
